{
  "trades": 2,
  "total_r": -0.7077507500467067,
  "avg_r": -0.35387537502335337,
  "win_rate": 0.5,
  "avg_win_r": 0.7215104440147956,
  "avg_loss_r": -1.4292611940615023,
  "max_drawdown_r": 0.0
}