{
  "trades": 1,
  "total_r": -1.4292611940615023,
  "avg_r": -1.4292611940615023,
  "win_rate": 0.0,
  "avg_win_r": 0.0,
  "avg_loss_r": -1.4292611940615023,
  "max_drawdown_r": 0.0
}